alpha,fold,rank
9.99797500192149,1,1
9.87604418114553,1,2
9.83815668899222,1,3
10.0,2,1
10.0,2,2
9.927968350232552,2,3
10.0,3,1
9.984738106980664,3,2
9.975124024126345,3,3
10.0,4,1
10.0,4,2
10.0,4,3
10.0,5,1
9.985346065693179,5,2
9.975703634895096,5,3
