name,Pearson IC50,Spearman IC50,R2 IC50,MSE IC50,Pearson Emax,Spearman Emax,R2 Emax,MSE Emax,mainModel,type
LGBM Drugs,0.7183659740241194,0.6961465150771595,0.513677400787157,1.9365504186067146,0.6837010012294724,0.6541241815639265,0.465924342620853,0.006511510649564605,LGBM,Drugs
LGBM Coeffs+Single,0.7628107907633085,0.7376491191424388,0.5818550640850833,1.6983723004921194,0.7241366415881298,0.6968897069780158,0.5243640383638795,0.0057808091234447835,LGBM,Coeffs+Single
RF Drugs,0.6935390468342516,0.6749628710737005,0.46485108149012344,2.1309782104196806,0.6626405443272977,0.6422133651120824,0.42570329313846766,0.007001890221115253,RF,Drugs
RF Coeffs+Single,0.7322636911962677,0.7085894933544478,0.5205584944838075,1.947339553194128,0.6908722115140383,0.6732482823643487,0.46375314010323543,0.006517465015568788,RF,Coeffs+Single
