name,Pearson IC50,Spearman IC50,R2 IC50,MSE IC50,Pearson Emax,Spearman Emax,R2 Emax,MSE Emax
LGBM Coeffs+Single GE,0.765522362363292,0.7402716371069537,0.5859904262444584,1.7033033942181937,0.7203501652303512,0.6900442112442456,0.5182519203064284,0.005837728331730204
LGBM Coeffs+Single CRISPR,0.7566756651623787,0.7306062539183837,0.5725568147557692,1.7026702394559852,0.7216576045318008,0.6898883963104038,0.5207062665944151,0.005935839818712882
LGBM Coeffs+Single Proteomics,0.7605030717575565,0.7355540756141988,0.5782307811895218,1.693459747586261,0.7269188789381812,0.6960205658322186,0.5283231030859934,0.005661319991527764
