name,Pearson IC50,Spearman IC50,R2 IC50,MSE IC50,Pearson Emax,Spearman Emax,R2 Emax,MSE Emax
Baseline,0.5062656721097455,0.4771047650313453,0.254233030287187,2.969739413139153,0.5094936180312128,0.4781691623793864,0.25758766449170445,0.009045493337427908
EN,0.4249756041707778,0.4178910840385381,0.17967482803692802,3.254678604071735,0.33599674489585857,0.3170223207630909,0.10270131792484849,0.010932504854032587
DL,0.6931429256945719,0.6679897486298124,0.47309958902529914,2.0981324188690107,0.6171813596224184,0.6164489647385167,0.3680829186386816,0.0077044043256307895
DL-Shuffled Bits,0.6967271647737892,0.6708233359519578,0.47985871798041857,2.0712173751744762,0.6146039059198546,0.6074604505907152,0.3691126167142377,0.007691850130560899
LGBM,0.7183659740241194,0.6961465150771595,0.513677400787157,1.9365504186067146,0.6837010012294724,0.6541241815639265,0.465924342620853,0.006511510649564605
RF,0.7022477490881074,0.6803370294454465,0.47436223077252315,2.127256101571809,0.6750068244334634,0.6486720512402934,0.4387896826284955,0.006931204104244531
XGBoost,0.654694706843826,0.631991990651755,0.4122909492682867,2.3338108046368284,0.4790885816331698,0.4479230331954895,0.21868284885068656,0.009486898756820187
SVR,0.42680758897471455,0.42010253066286724,0.1821365323201547,3.258310795315804,0.4216036609709777,0.4075734934794085,0.17759212478020392,0.01002653699415784
