name,Pearson IC50,Spearman IC50,R2 IC50,MSE IC50,Pearson Emax,Spearman Emax,R2 Emax,MSE Emax
Baseline,0.5062656721097435,0.4771047650313453,0.254233030287187,2.969739413139153,0.5094936180312154,0.4781691623793864,0.25758766449170445,0.009045493337427908
EN,0.42497560417077834,0.4178910840385381,0.17967482803692802,3.254678604071735,0.33599674489585973,0.3170223207630909,0.10270131792484849,0.010932504854032587
DL,0.7475858416192883,0.7178169482892527,0.5438906691969148,1.8631479241599322,0.6672273625646065,0.655357917459353,0.42891192838604064,0.006761293574946114
DL-Shuffled Bits,0.7245287906753407,0.6981661016635945,0.5198521451665077,1.9376616419609145,0.6372908768928558,0.6303697045738871,0.3996678463245279,0.0075165081301697785
LGBM,0.5560659555223356,0.5299599828835759,0.28481751059329374,2.8479955037233355,0.494260305869139,0.45780050759555746,0.22711408277676437,0.009442193881281778
RF,0.4571919999507052,0.426992295625617,0.2084123390878415,3.2335337332878096,0.43079581120541577,0.4110623823036836,0.18502441311465712,0.009648755547936955
XGBoost,0.6546947068438261,0.631991990651755,0.4122909492682867,2.3338108046368284,0.4790885816331691,0.4479230331954895,0.21868284885068656,0.009486898756820187
SVR,0.4268075889747147,0.42010253066286724,0.1821365323201547,3.258310795315804,0.42160366097097707,0.4075734934794085,0.17759212478020392,0.01002653699415784
