name,Pearson IC50,Spearman IC50,R2 IC50,MSE IC50,Pearson Emax,Spearman Emax,R2 Emax,MSE Emax
Baseline,0.504861953708856,0.47614483055573004,0.2528512156051853,2.9832846286684824,0.5074174263330465,0.475828227006487,0.25545694742262604,0.009084725603184265
EN,0.42805673868745053,0.4210582009168057,0.182335898727632,3.2485768246434743,0.3475532710295063,0.3273703627216439,0.11076173114615417,0.010827496472512174
DL,0.7475858416192883,0.7178169482892527,0.5438906691969148,1.8631479241599322,0.6672273625646065,0.655357917459353,0.42891192838604064,0.006761293574946114
LGBM,0.5560659555223356,0.5299599828835759,0.28481751059329374,2.8479955037233355,0.494260305869139,0.45780050759555746,0.22711408277676437,0.009442193881281778
