Input,Mean Absolute SHAP for Grouped Features
Single Agent,0.845195425210652
Drug A Coeffs.,2.3496606521398977
Drug B Coeffs.,2.025927397199047
Gene Expression,2.502632136929476
