alpha,l1_ratio,fold,rank
0.1,0.05,1,1
0.1,0.05,1,2
0.1,0.05,1,3
0.1,0.05000000000000006,2,1
0.1,0.05,2,2
0.1,0.05,2,3
0.1,0.05,3,1
0.1,0.05,3,2
0.1,0.05,3,3
0.1,0.05,4,1
0.1,0.05,4,2
0.1,0.05,4,3
0.1,0.05000000000000003,5,1
0.1,0.05,5,2
0.1,0.05,5,3
