n_estimators,learning_rate,max_depth,min_child_weight,min_split_gain,subsample,subsample_freq,fold,rank
2583,0.002776326079527607,8,5,0.6786978860819364,0.7042748153859197,5,1,1
1948,0.005915093187525356,4,3,0.5712786293869492,0.9454004971832318,5,1,2
1477,0.003520276190264877,5,2,1.0097777236927687,0.945623356972027,5,1,3
