n_estimators,learning_rate,max_depth,min_child_weight,min_split_gain,subsample,subsample_freq,fold,rank
1403,0.019745186418545946,5,1,0.1491890469919932,0.7426969419215534,1,1,1
880,0.1,3,1,0.0,0.7063203555765969,0,1,2
582,0.024215131153209907,9,3,1.574691334891925,0.7035540083234602,1,1,3
