n_estimators,learning_rate,max_depth,min_child_weight,min_split_gain,subsample,subsample_freq,fold,rank
2969,0.0036928555051906815,9,3,0.5145434681884584,0.6709002240106475,5,1,1
1686,0.010926518620829289,7,1,0.9572582668274086,0.6655387973281786,1,1,2
2705,0.017146160650068187,4,3,0.2521551645015758,0.6437195194480254,1,1,3
