n_estimators,learning_rate,max_depth,min_child_weight,min_split_gain,subsample,subsample_freq,fold,rank
3000,0.1,3,5,0.0,0.7252592098599508,0,1,1
2705,0.048834005132531715,4,3,0.021318517189387043,0.989039928249114,1,1,2
2099,0.1,8,1,0.0,1.0,1,1,3
