n_estimators,learning_rate,max_depth,min_child_weight,min_split_gain,subsample,subsample_freq,fold,rank
728,0.005138889444969128,11,2,1.2897320205260463,0.7081901331026734,1,1,1
925,0.0030064190800502166,8,5,1.2360714245406554,0.9223280325249534,5,1,2
2635,0.010329704648687116,3,3,0.218340474166411,0.7915516724776928,1,1,3
