n_estimators,learning_rate,max_depth,min_child_weight,min_split_gain,subsample,subsample_freq,fold,rank
923,0.0006958618813460347,5,2,0.3348233443036499,0.8726258896348495,5,1,1
2842,0.00017736025314682013,9,1,0.929356586986599,0.7016441873667781,1,1,2
106,0.003237962497684632,7,4,1.866364085229007,0.88246402379655,5,1,3
