n_estimators,learning_rate,max_depth,min_child_weight,min_split_gain,subsample,subsample_freq,fold,rank
3000,0.1,11,1,0.0,0.9528612736740986,5,1,1
3000,0.1,11,4,0.0,0.8698906027013233,5,1,2
3000,0.1,9,2,0.0,0.787685215443884,5,1,3
