name,Pearson IC50,Spearman IC50,R2 IC50,MSE IC50,Pearson Emax,Spearman Emax,R2 Emax,MSE Emax,mainModel,type
LGBM Drugs,0.6342563356110724,0.6204132530251341,0.401515973360854,2.3740363563618105,0.5873358567472504,0.5677562994323848,0.3433106536242988,0.007921410895484135,LGBM,Drugs
LGBM Coeffs+Single,0.695746527363122,0.6698628410826908,0.48373948127408184,2.0920138780730397,0.6414212497987378,0.6208030218758372,0.4103244401152919,0.007253683080905812,LGBM,Coeffs+Single
RF Drugs,0.598332696975528,0.5888384023090955,0.3548313873096425,2.559338068374307,0.5690087093816824,0.5539167763911929,0.32231427671150814,0.00825083499956455,RF,Drugs
RF Coeffs+Single,0.6603500240834141,0.6425599066751534,0.419448641799507,2.3902307745242526,0.6125700318061511,0.6014541353344203,0.3633761107721667,0.007793598150672849,RF,Coeffs+Single
