n_estimators,learning_rate,max_depth,min_child_weight,min_split_gain,subsample,subsample_freq,fold,rank
3000,0.1,11,1,0.0,0.6,0,1,1
2707,0.04852403389307506,7,3,1.2109989187132686,0.7350019137814763,1,1,2
2222,0.038555956852784685,9,3,1.1897045709115917,0.7713213886359771,5,1,3
