n_estimators,learning_rate,max_depth,min_child_weight,min_split_gain,subsample,subsample_freq,fold,rank
2974,0.005141010967736127,7,1,1.8422733292306939,0.8551154738548354,5,1,1
2427,0.005199859307645386,6,1,1.7112966122690836,0.83858680224962,5,1,2
428,0.03804448667229215,4,3,0.9555785253147797,0.8283518955365582,1,1,3
