n_estimators,learning_rate,max_depth,min_child_weight,min_split_gain,subsample,subsample_freq,fold,rank
1144,0.025462413996320918,7,1,1.0271921682232583,0.688514303883746,5,1,1
2827,0.1,9,3,0.9277044676683117,0.7621074686332429,1,1,2
1682,0.1,6,5,0.8557417073876856,0.7582594999048057,5,1,3
