n_estimators,learning_rate,max_depth,min_child_weight,min_split_gain,subsample,subsample_freq,fold,rank
1621,0.0013941802539866298,6,4,0.41286185944384424,0.9378926397122233,5,1,1
1249,0.0017630556041932737,7,5,0.3077941346195101,0.7260921297728828,1,1,2
1279,0.0016175426188300161,3,3,0.04969079914095853,0.6027876315448063,5,1,3
