n_estimators,learning_rate,max_depth,min_child_weight,min_split_gain,subsample,subsample_freq,fold,rank
2497,0.019110958076817335,7,2,1.1826503955269458,0.720763033977227,5,1,1
1274,0.1,11,1,0.0,0.7318439791184738,0,1,2
2500,0.050731569716978675,7,1,0.9732948400379393,0.7939633377094124,5,1,3
