n_estimators,learning_rate,max_depth,min_child_weight,min_split_gain,subsample,subsample_freq,fold,rank
2806,0.03715679781753188,6,5,0.7909589164004087,0.6776988174460018,1,1,1
1660,0.1,10,4,0.20405930787297463,0.9866428583884672,5,1,2
1799,0.1,11,2,1.1848721927800672,0.7826560631540709,1,1,3
