n_estimators,learning_rate,max_depth,min_child_weight,min_split_gain,subsample,subsample_freq,fold,rank
2653,0.03954202628363995,6,1,0.6931622315720865,0.733069406314534,5,1,1
3000,0.1,11,1,0.0,0.6301032966207887,0,1,2
3000,0.1,11,1,0.0,1.0,5,1,3
