n_estimators,learning_rate,max_depth,min_child_weight,min_split_gain,subsample,subsample_freq,fold,rank
2175,0.02145756045799137,9,1,1.456556900435707,0.834456357839357,5,1,1
2099,0.006948789957181236,8,3,0.8549126926628119,0.89914806008725,1,1,2
326,0.049896158421678424,10,3,0.7425286813606857,0.6148161763870507,1,1,3
