n_estimators,learning_rate,max_depth,min_child_weight,min_split_gain,subsample,subsample_freq,fold,rank
2306,0.012395151911155367,7,1,0.9784198803499784,0.9135588163474371,1,1,1
2429,0.005754648937006842,7,4,1.2573198884770218,0.6564165982156606,0,1,2
2411,0.018152164233701074,11,1,1.8161427555548464,0.9871237474130515,1,1,3
