n_estimators,learning_rate,max_depth,min_child_weight,min_split_gain,subsample,subsample_freq,fold,rank
2785,0.010241549020999743,8,2,1.2493199091287877,0.7088855957407774,1,1,1
2086,0.012595507442722755,10,2,1.7640498039080448,0.7862320852733073,1,1,2
2221,0.014164872063443574,11,2,0.8272830779462237,0.6532841068081012,5,1,3
