n_estimators,learning_rate,max_depth,min_child_weight,min_split_gain,subsample,subsample_freq,fold,rank
1547,0.1,11,3,0.0,0.6,0,1,1
2421,0.051058040732557035,5,3,0.846497975182428,0.6174300834612133,1,1,2
962,0.08256347171653665,6,5,1.1060845714566467,0.8111771772585018,5,1,3
