n_estimators,learning_rate,max_depth,min_child_weight,min_split_gain,subsample,subsample_freq,fold,rank
2465,0.03025213452645298,9,1,0.9967786976960318,0.7080567440952534,1,1,1
756,0.07038608517461775,10,3,0.16897004900737222,0.9739906044451465,1,1,2
2912,0.009599552229374074,8,5,1.356860803856835,0.7788224629829767,5,1,3
