n_estimators,learning_rate,max_depth,min_child_weight,min_split_gain,subsample,subsample_freq,fold,rank
2395,0.0014468065694610566,5,1,1.937971335869731,0.7719892100941667,0,1,1
295,0.0244339734929891,9,2,1.8223197548069958,0.7790777202424481,0,1,2
460,0.03813596811868737,11,1,2.0,0.8859637836820495,0,1,3
