n_estimators,learning_rate,max_depth,min_child_weight,min_split_gain,subsample,subsample_freq,fold,rank
196,0.014675519254499649,5,1,1.6579593293410904,0.773916569082652,5,1,1
1694,0.002024104233925092,11,4,0.7318562392845134,0.789755672166825,1,1,2
1248,0.0025539749430574937,8,2,1.9387292108107081,0.6011023242666608,1,1,3
