n_estimators,learning_rate,max_depth,min_child_weight,min_split_gain,subsample,subsample_freq,fold,rank
2376,0.009515699194532838,8,5,0.9390948733981641,0.7190666589944712,1,1,1
2885,0.017936807293840906,10,1,1.3554290968985956,0.6973997689983481,1,1,2
2983,0.007200632487177211,7,1,0.7103200522905873,0.7386432880005561,5,1,3
