n_estimators,learning_rate,max_depth,min_child_weight,min_split_gain,subsample,subsample_freq,fold,rank
2245,0.012324721550013002,11,3,0.20792403184517427,0.9005378382268452,1,1,1
2607,0.004453672635782389,10,4,1.752025744898632,0.836825347341495,1,1,2
2639,0.017011865840437432,6,3,1.1897122657467862,0.6041924714578586,1,1,3
