n_estimators,learning_rate,max_depth,min_child_weight,min_split_gain,subsample,subsample_freq,fold,rank
2216,0.006080369556077268,10,1,0.2467310311841977,0.7130245411619729,1,1,1
1444,0.018271648960161334,4,1,0.09238542608707889,0.7556703752251007,1,1,2
2101,0.011170023052791906,11,1,0.0,0.6829233301297428,5,1,3
