n_estimators,learning_rate,max_depth,min_child_weight,min_split_gain,subsample,subsample_freq,fold,rank
1959,0.009821792186717573,6,2,0.4223281514489874,0.901938185946147,1,1,1
2954,0.007738507986907102,7,5,1.906471152688027,0.7341082603978659,1,1,2
1435,0.021604528952830413,7,2,1.072221115744904,0.751260066028359,5,1,3
