n_estimators,learning_rate,max_depth,min_child_weight,min_split_gain,subsample,subsample_freq,fold,rank
3000,0.006350923612837673,11,2,0.10516613474019466,1.0,5,1,1
2135,0.008734924357789484,9,3,1.109457297039604,0.9383729055472192,1,1,2
3000,0.027410164023081423,11,1,0.3281783236202395,1.0,0,1,3
