n_estimators,learning_rate,max_depth,min_child_weight,min_split_gain,subsample,subsample_freq,fold,rank
753,0.03021212456572809,11,5,1.5666106500732841,0.8600466606927357,5,1,1
2688,0.01498297004489914,4,1,1.0973773505925186,0.6290505393396107,5,1,2
3000,0.1,11,1,0.8755549457283522,0.9018717331108488,5,1,3
