n_estimators,learning_rate,max_depth,min_child_weight,min_split_gain,subsample,subsample_freq,fold,rank
1370,0.010984924471279169,10,4,0.06814107005270431,0.7390451332273666,1,1,1
2681,0.0053588994758607894,8,3,0.2792398429743861,0.6792683478384941,1,1,2
1494,0.014653087798770436,8,4,1.1825849443855478,0.6467753540095783,1,1,3
