n_estimators,learning_rate,max_depth,min_child_weight,min_split_gain,subsample,subsample_freq,fold,rank
3000,0.003621607729805066,3,5,2.0,0.8500223880196871,5,1,1
3000,0.001328672837682596,7,2,2.0,0.6,5,1,2
3000,0.00491879131462382,7,5,1.64765263773818,1.0,1,1,3
