n_estimators,learning_rate,max_depth,min_child_weight,min_split_gain,subsample,subsample_freq,fold,rank
1749,0.013209940474694898,6,3,1.2074853214966221,0.7699958991377489,1,1,1
940,0.032946669108212284,10,5,0.06009899670005847,0.8454240813303828,0,1,2
2015,0.03832011263023949,11,2,0.3727218975592115,0.9166125619249196,5,1,3
