n_estimators,learning_rate,max_depth,min_child_weight,min_split_gain,subsample,subsample_freq,fold,rank
1942,0.005127948753219081,8,2,1.791542490903889,0.9784744013364214,1,1,1
2027,0.006503706592964645,8,2,1.835089265275411,0.9804614987257141,1,1,2
1658,0.010298979399685007,5,2,0.2229932351420678,0.9851576309820089,1,1,3
