n_estimators,learning_rate,max_depth,min_child_weight,min_split_gain,subsample,subsample_freq,fold,rank
2606,0.003957223194295961,7,3,1.2595534010857548,0.7694435205752613,1,1,1
2210,0.016729053899796047,6,5,1.6107279972195268,0.6932586175834095,5,1,2
2707,0.002958467910667911,6,5,1.3291307819040556,0.9160040728613243,0,1,3
