n_estimators,learning_rate,max_depth,min_child_weight,min_split_gain,subsample,subsample_freq,fold,rank
1615,0.015715620991976976,10,5,0.624960614425009,0.8664849956760525,1,1,1
2999,0.014566938165662593,7,4,0.10531484071531771,0.7454277629699575,0,1,2
2493,0.013953700970197491,9,5,0.5817438241555564,0.7532530495757174,0,1,3
