n_estimators,learning_rate,max_depth,min_child_weight,min_split_gain,subsample,subsample_freq,fold,rank
2489,0.0076292927846548725,8,5,1.5090103186560497,0.8220794426492248,1,1,1
1833,0.04833503716670173,3,3,0.3927622211019748,0.7795545190151089,1,1,2
1586,0.014125008139478456,9,2,1.4624649328158408,0.6243884896835281,5,1,3
