n_estimators,learning_rate,max_depth,min_child_weight,min_split_gain,subsample,subsample_freq,fold,rank
1127,0.0012102817812996735,11,4,0.16921881813340733,0.8084635243723534,1,1,1
1320,0.0066757515326307726,11,5,0.0,0.8857222100321265,1,1,2
860,0.0015072663410711012,11,4,0.0,0.9044758203670303,0,1,3
