n_estimators,learning_rate,max_depth,min_child_weight,min_split_gain,subsample,subsample_freq,fold,rank
3000,0.1,11,1,0.0,1.0,5,1,1
1104,0.1,11,5,0.0,0.6,0,1,2
2445,0.019001155503273914,5,3,0.677378982886119,0.7729716056060599,5,1,3
