n_estimators,learning_rate,max_depth,min_child_weight,min_split_gain,subsample,subsample_freq,fold,rank
3000,0.1,3,5,0.0,0.6,0,1,1
3000,0.1,6,1,0.8176104104840959,0.8329833138125013,5,1,2
1444,0.05026221688014423,4,3,1.178356004390877,0.812210070936994,1,1,3
