n_estimators,learning_rate,max_depth,min_child_weight,min_split_gain,subsample,subsample_freq,fold,rank
2048,0.0023702149168917516,11,2,0.4752525341202929,0.8927060421306725,1,1,1
2337,0.010092957472413086,9,1,1.2445890611481076,0.9430193039839938,5,1,2
3000,0.005730689031741968,10,1,0.31657218698955425,0.6532504788686668,5,1,3
