n_estimators,learning_rate,max_depth,min_child_weight,min_split_gain,subsample,subsample_freq,fold,rank
2045,0.03237095839582975,5,4,0.9655359111314119,0.7954731315185757,1,1,1
1291,0.03983203549469432,8,4,1.7593466071908865,0.6304166367510738,1,1,2
853,0.1,8,1,0.0,1.0,5,1,3
