n_estimators,learning_rate,max_depth,min_child_weight,min_split_gain,subsample,subsample_freq,fold,rank
2988,0.03163819790529946,4,5,0.17709300149987284,0.7457659661026786,1,1,1
1897,0.048695351283775494,11,2,0.4310226642484638,0.8273984079111744,5,1,2
2849,0.1,7,5,0.07134263151061682,1.0,5,1,3
