n_estimators,learning_rate,max_depth,min_child_weight,min_split_gain,subsample,subsample_freq,fold,rank
2520,0.00560695874048966,8,5,0.004347979646966538,0.6193369348951956,1,1,1
2376,0.009515699194532838,8,5,0.9390948733981641,0.7190666589944712,1,1,2
1065,0.026863384992074375,7,3,1.0378614475210943,0.8306348227647299,5,1,3
