n_estimators,learning_rate,max_depth,min_child_weight,min_split_gain,subsample,subsample_freq,fold,rank
810,0.1,11,1,0.0,0.8511778080438592,5,1,1
1890,0.1,6,1,1.0264702376641002,0.7963802826329396,5,1,2
2887,0.05013888334647706,8,1,1.8800681807016915,0.834439107382383,1,1,3
