n_estimators,learning_rate,max_depth,min_child_weight,min_split_gain,subsample,subsample_freq,fold,rank
2538,0.1,11,1,0.0,1.0,5,1,1
924,0.05777154402285794,9,4,1.3960610783198402,0.7857350282056329,5,1,2
1589,0.016427395209452623,8,1,1.853463397830607,0.634373514611692,5,1,3
