n_estimators,learning_rate,max_depth,min_child_weight,min_split_gain,subsample,subsample_freq,fold,rank
2945,0.047622107609715955,10,1,0.13273095838607474,0.9341659681041272,1,1,1
674,0.1,10,3,0.0,1.0,1,1,2
2534,0.05813851027069341,11,1,1.1867589366977769,0.9204051439507326,1,1,3
