n_estimators,learning_rate,max_depth,min_child_weight,min_split_gain,subsample,subsample_freq,fold,rank
967,0.007974478523527971,11,2,1.3496312261357877,0.7653011507187263,1,1,1
1689,0.0054630638128831685,11,1,0.5132121900254851,0.8449122649154762,5,1,2
998,0.00987726618054594,10,4,1.2414327254583148,0.6999756517466118,1,1,3
