n_estimators,learning_rate,max_depth,min_child_weight,min_split_gain,subsample,subsample_freq,fold,rank
2254,0.1,11,5,0.0,1.0,5,1,1
1364,0.0956251387029331,5,3,0.07628932567490265,0.9247133476168938,5,1,2
1528,0.1,11,1,0.0,0.8403504345250882,5,1,3
