n_estimators,learning_rate,max_depth,min_child_weight,min_split_gain,subsample,subsample_freq,fold,rank
3000,0.1,11,3,0.0,1.0,5,1,1
2568,0.0658589196789339,7,2,0.49499423981594504,0.6008976944174977,1,1,2
511,0.1,11,5,0.0,0.6,0,1,3
