n_estimators,learning_rate,max_depth,min_child_weight,min_split_gain,subsample,subsample_freq,fold,rank
1772,0.014008866750227944,10,2,0.5187361217368667,0.6552889911243205,5,1,1
1001,0.026664989979791318,5,2,0.5784282587049356,0.7338832649050016,5,1,2
2332,0.024557037668816405,7,5,0.3131208066486275,0.7342754112827126,0,1,3
