n_estimators,learning_rate,max_depth,min_child_weight,min_split_gain,subsample,subsample_freq,fold,rank
2044,0.053524053817138977,8,1,0.3453594013484369,0.8166096549899343,1,1,1
2864,0.025093310233548383,8,5,1.5617837821065348,0.6147179221807114,1,1,2
908,0.020205622151213333,11,4,0.23594391431618966,0.7548556204015084,5,1,3
