n_estimators,learning_rate,max_depth,min_child_weight,min_split_gain,subsample,subsample_freq,fold,rank
2438,0.0035496635322710144,7,3,1.645877222503137,0.6619155168009316,1,1,1
1909,0.0023540551677279577,7,1,0.11585377604185121,0.6692692408319213,5,1,2
2578,0.004954323015420439,8,2,0.8004278467764707,0.969348556154354,5,1,3
