n_estimators,learning_rate,max_depth,min_child_weight,min_split_gain,subsample,subsample_freq,fold,rank
1603,0.02397343730194057,10,5,0.5190340148826873,0.9240872281556586,1,1,1
632,0.028808952867156228,8,4,1.3804831198446863,0.9420868693047973,5,1,2
2317,0.04676450881435755,3,3,0.7208538857307769,0.9644562752824897,1,1,3
