n_estimators,learning_rate,max_depth,min_child_weight,min_split_gain,subsample,subsample_freq,fold,rank
2605,0.1,8,2,0.5235677147735396,0.7670299746191932,1,1,1
2945,0.1,9,5,0.5722594714791268,0.833237209655435,1,1,2
2279,0.1,6,5,0.9788427692608376,0.7085427781878705,5,1,3
