n_estimators,learning_rate,max_depth,min_child_weight,min_split_gain,subsample,subsample_freq,fold,rank
2626,0.010508825698200903,7,2,0.264161941534955,0.7457081226308448,1,1,1
931,0.044407206757677536,9,1,0.11942726193879194,0.8730115138904055,5,1,2
418,0.1,4,5,0.0,1.0,5,1,3
