n_estimators,learning_rate,max_depth,min_child_weight,min_split_gain,subsample,subsample_freq,fold,rank
3000,0.0010510670793116887,8,5,0.4393905921433783,0.9477087031275565,1,1,1
2450,0.0019369776108079486,4,5,1.2432234076630173,0.9067765745833701,5,1,2
2111,0.0005950885606199307,11,5,0.3777016390341301,1.0,1,1,3
