n_estimators,learning_rate,max_depth,min_child_weight,min_split_gain,subsample,subsample_freq,fold,rank
1918,0.0014223302810580111,7,3,1.5681062483217847,0.8883076479866211,1,1,1
2340,0.0007616081703362112,7,2,1.601684033648055,0.8077924488269387,1,1,2
2116,0.0008535138836186653,8,1,1.1910752300870073,0.9190040694788564,1,1,3
