n_estimators,learning_rate,max_depth,min_child_weight,min_split_gain,subsample,subsample_freq,fold,rank
1787,0.013970527279279197,5,1,0.6475543631936458,0.7901440944347333,0,1,1
1800,0.008507240192307091,10,2,1.3613978291329214,0.808479923682592,1,1,2
2650,0.00911108063080937,7,4,0.38552098555477454,0.9927999699015696,5,1,3
