n_estimators,learning_rate,max_depth,min_child_weight,min_split_gain,subsample,subsample_freq,fold,rank
2587,0.1,11,1,0.0,1.0,5,1,1
730,0.07772195389400394,7,3,0.2764852513899343,0.9417157752695431,1,1,2
3000,0.1,3,1,0.0,1.0,5,1,3
