n_estimators,learning_rate,max_depth,min_child_weight,min_split_gain,subsample,subsample_freq,fold,rank
1709,0.03449822827606825,8,5,1.5758753994561914,0.714425634754866,1,1,1
2006,0.015343680388619193,8,1,0.5046169228513246,0.9152984146980468,5,1,2
2360,0.1,11,2,0.0,0.6512034386513048,0,1,3
