n_estimators,learning_rate,max_depth,min_child_weight,min_split_gain,subsample,subsample_freq,fold,rank
3000,0.1,11,1,0.0,1.0,0,1,1
2763,0.05017367473882352,10,4,0.019549419301535087,0.8490057835384429,0,1,2
3000,0.1,11,5,0.6566219513102979,0.7395319113368971,5,1,3
