n_estimators,learning_rate,max_depth,min_child_weight,min_split_gain,subsample,subsample_freq,fold,rank
516,0.019436487560706393,7,1,0.5112728856615363,0.884563553252808,5,1,1
941,0.01456732095254103,6,1,0.48312894570656106,0.7333323146352572,0,1,2
1343,0.1,5,4,0.4587941934767893,1.0,5,1,3
