n_estimators,learning_rate,max_depth,min_child_weight,min_split_gain,subsample,subsample_freq,fold,rank
1896,0.006017119248037566,11,3,1.6161284308095831,0.6398582900301505,1,1,1
1894,0.015636509573666725,5,4,1.4238568013299409,0.8207287458779132,1,1,2
700,0.010715012512359505,7,2,0.7801484792063627,0.7432091347011267,1,1,3
