n_estimators,learning_rate,max_depth,min_child_weight,min_split_gain,subsample,subsample_freq,fold,rank
2026,0.0020508474662608235,7,2,1.41510763549923,0.8206482234026515,1,1,1
719,0.007928907265661398,7,1,0.8087521232459012,0.9912686944775305,1,1,2
2436,0.0023836348753210803,5,1,1.1932294324581596,0.8459451067015884,1,1,3
