n_estimators,learning_rate,max_depth,min_child_weight,min_split_gain,subsample,subsample_freq,fold,rank
3000,0.1,11,5,0.0,1.0,5,1,1
2294,0.09134357997914588,9,3,0.12377144705037213,0.8875418718066959,5,1,2
2410,0.0885577197646287,6,4,0.4875516728115987,0.6960061508797383,1,1,3
