name,Pearson IC50,Spearman IC50,R2 IC50,MSE IC50,Pearson Emax,Spearman Emax,R2 Emax,MSE Emax,mainModel,type
LGBM Drugs,0.45169430877210004,0.41773479078360376,0.19399880595334573,3.212713091820649,0.46721371627220043,0.4302639816591928,0.21194705396767888,0.009846625863358067,LGBM,Drugs
LGBM Coeffs+Single,0.5960130175434575,0.5628719551724001,0.3520939177259198,2.7561545310200564,0.5610218628552893,0.5338417247865725,0.3034124877041757,0.00793986427018561,LGBM,Coeffs+Single
RF Drugs,0.4844045947774209,0.4522640481288028,0.23450382287421667,2.998685685840992,0.4879509878006535,0.4525589625100049,0.23765176271785204,0.008863011851661067,RF,Drugs
RF Coeffs+Single,0.556236533526972,0.5311671615004694,0.3071875292091697,2.9281276559974154,0.5351822713337753,0.5155823109531321,0.2854096943379656,0.008947273825291015,RF,Coeffs+Single
