name,Pearson IC50,Spearman IC50,R2 IC50,MSE IC50,Pearson Emax,Spearman Emax,R2 Emax,MSE Emax
DL,0.6931429256945733,0.6679897486298124,0.47309958902529914,2.0981324188690107,0.6171813596224173,0.6164489647385167,0.3680829186386816,0.0077044043256307895
LGBM,0.7183659740241175,0.6961465150771595,0.513677400787157,1.9365504186067146,0.6837010012294712,0.6541241815639265,0.465924342620853,0.006511510649564605
DL Coeffs,0.7347819516720124,0.7041336401787552,0.5309242731135508,1.849904589025566,0.6590248154543785,0.6460100071841507,0.4225996071243573,0.006947878873755867
LGBM Coeffs,0.730958362134308,0.7065488913167789,0.5334526937257874,1.858871828413195,0.6991277025822193,0.6668691176520846,0.4883658728116248,0.006337987088918341
LGBM Coeffs+Single,0.7566756651623792,0.7306062539183837,0.5725568147557692,1.7026702394559852,0.7216576045318002,0.6898883963104038,0.5207062665944151,0.005935839818712882
RF,0.6935390468342526,0.6749628710737005,0.46485108149012344,2.1309782104196806,0.662640544327297,0.6422133651120824,0.42570329313846766,0.007001890221115253
RF Coeffs+Single,0.7318092107262901,0.708218187458131,0.5186841453797888,1.9172657553819743,0.6958875850548777,0.6731624856742658,0.4693948171082185,0.0065713093101495736
RF Coeffs,0.7252398198700777,0.7021394826093929,0.509388868462601,1.9828445288296823,0.6934916904220036,0.6706088346846683,0.46583044473212176,0.0067301610860826255
