name,Pearson IC50,Spearman IC50,R2 IC50,MSE IC50,Pearson Emax,Spearman Emax,R2 Emax,MSE Emax
DL,0.6931429256945733,0.6679897486298124,0.47309958902529914,2.0981324188690107,0.6171813596224173,0.6164489647385167,0.3680829186386816,0.0077044043256307895
LGBM,0.7183659740241175,0.6961465150771595,0.513677400787157,1.9365504186067146,0.6837010012294712,0.6541241815639265,0.465924342620853,0.006511510649564605
DL Coeffs,0.7347819516720124,0.7041336401787552,0.5309242731135508,1.849904589025566,0.6590248154543785,0.6460100071841507,0.4225996071243573,0.006947878873755867
DL Full,0.6817309518262725,0.6553019637004346,0.4646557073921528,2.13298075167886,0.6104947646577442,0.6006673393376077,0.37167405857953195,0.007783534156018414
LGBM Coeffs,0.730958362134308,0.7065488913167789,0.5334526937257874,1.858871828413195,0.6991277025822193,0.6668691176520846,0.4883658728116248,0.006337987088918341
LGBM Full,0.7324871760456849,0.7084729000848384,0.5356162256178776,1.8502516339977635,0.6991301831216113,0.6678079610621713,0.48834501735837266,0.006338245440710023
DL Mixed,0.33380810077086925,0.3231756499777344,0.10865564778677028,3.5286482184742165,0.32122327432901737,0.31132175983544014,0.102951619937375,0.010934470078224512
LGBM Coeffs+Single,0.7313138700505057,0.7106212689444967,0.5347556815128056,1.847337540819594,0.6965207959708989,0.6716495369953324,0.48488219862806714,0.006242615648194139
