name,Pearson IC50,Spearman IC50,R2 IC50,MSE IC50,Pearson Emax,Spearman Emax,R2 Emax,MSE Emax
DL,0.6931429256945733,0.6679897486298124,0.47309958902529914,2.0981324188690107,0.6171813596224173,0.6164489647385167,0.3680829186386816,0.0077044043256307895
EN,0.3949081459345954,0.3868318531903845,0.14652449136448997,3.3985637438890945,0.22093578521080223,0.21058279125617768,0.025067473900585946,0.011886487314280516
SVR,0.4268075889747147,0.42010253066286724,0.1821365323201547,3.258310795315804,0.42160366097097707,0.4075734934794085,0.17759212478020392,0.01002653699415784
RF,0.6935390468342526,0.6749628710737005,0.46485108149012344,2.1309782104196806,0.662640544327297,0.6422133651120824,0.42570329313846766,0.007001890221115253
XGBoost,0.727327480020669,0.7052242282119986,0.5264189532443747,1.8858131944171277,0.5326191434133694,0.5026761784403921,0.27607345229458435,0.008826194116426333
LGBM,0.7183659740241175,0.6961465150771595,0.513677400787157,1.9365504186067146,0.6837010012294712,0.6541241815639265,0.465924342620853,0.006511510649564605
Ensemble,0.7354888001572074,0.7146097018305502,0.5365251467626048,1.1547318488544571,0.6742765040912737,0.6560258781558331,0.4403056393548166,0.0042680689647757375
Baseline,0.5062656721097435,0.4771047650313453,0.254233030287187,2.969739413139153,0.5094936180312154,0.4781691623793864,0.25758766449170445,0.009045493337427908
