C,epsilon,fold
0.001,0.7776000000000001,0
0.001,0.1296,0
0.001,0.0216,0
0.001,0.7776000000000001,1
0.001,0.1296,1
0.001,0.0216,1
0.001,0.7776000000000001,2
0.001,0.1296,2
0.001,0.0216,2
0.001,0.7776000000000001,3
0.001,0.1296,3
0.001,0.0036000000000000003,3
0.001,0.7776000000000001,4
0.008,0.7776000000000001,4
32.768,0.7776000000000001,4
