C,epsilon,fold,rank
0.001,0.7776000000000001,1,1
0.001,0.1296,1,2
0.001,0.0216,1,3
0.001,0.7776000000000001,2,1
0.001,0.1296,2,2
0.001,0.0216,2,3
0.001,0.7776000000000001,3,1
0.001,0.1296,3,2
0.001,0.0216,3,3
0.001,0.7776000000000001,4,1
0.001,0.1296,4,2
0.001,0.0036000000000000003,4,3
0.001,0.7776000000000001,5,1
0.008,0.7776000000000001,5,2
32.768,0.7776000000000001,5,3
